expression	source_image	source_page	column	ocr_confidence	waller_seed_match	review_status
Tシャツ	IMG_2697.HEIC	120	1	1.00	no	needs_review
~しゅうかん	IMG_2698.HEIC	123	4	0.30	no	needs_review
~じゅう［中］	IMG_2698.HEIC	123	4	0.30	yes	needs_review
あいだ	IMG_2697.HEIC	120	1	0.30	no	needs_review
あう［会う］	IMG_2697.HEIC	120	1	0.30	yes	needs_review
あおい	IMG_2697.HEIC	120	1	0.50	yes	needs_review
あかい	IMG_2697.HEIC	120	1	0.30	yes	needs_review
あかちゃん	IMG_2697.HEIC	120	1	1.00	no	needs_review
あかるい	IMG_2697.HEIC	120	1	0.50	yes	needs_review
あがります	IMG_2697.HEIC	120	1	0.50	no	needs_review
あき	IMG_2697.HEIC	120	1	0.30	yes	needs_review
あけます	IMG_2697.HEIC	120	1	1.00	yes	needs_review
あさ	IMG_2697.HEIC	120	1	0.30	yes	needs_review
あさごはん	IMG_2697.HEIC	120	1	1.00	yes	needs_review
あさって	IMG_2697.HEIC	120	1	0.30	yes	needs_review
あし	IMG_2697.HEIC	120	1	0.30	yes	needs_review
あした	IMG_2697.HEIC	120	1	0.50	yes	needs_review
あそこ	IMG_2697.HEIC	120	1	0.30	yes	needs_review
あそびます	IMG_2697.HEIC	120	1	1.00	yes	needs_review
あたたかい［暖かい］	IMG_2697.HEIC	120	1	0.50	yes	needs_review
あたま	IMG_2697.HEIC	120	1	0.30	yes	needs_review
あたまがいし	IMG_2697.HEIC	120	1	0.30	no	needs_review
あたらしい	IMG_2697.HEIC	120	1	0.50	yes	needs_review
あちら	IMG_2697.HEIC	120	1	1.00	yes	needs_review
あっち	IMG_2697.HEIC	120	1	0.50	yes	needs_review
あつい［暑い］	IMG_2697.HEIC	120	1	0.30	yes	needs_review
あと	IMG_2697.HEIC	120	1	0.30	yes	needs_review
あとで	IMG_2697.HEIC	120	1	1.00	yes	needs_review
あなた	IMG_2697.HEIC	120	1	1.00	yes	needs_review
あに	IMG_2697.HEIC	120	1	0.50	yes	needs_review
あね	IMG_2697.HEIC	120	1	1.00	yes	needs_review
あの	IMG_2697.HEIC	120	1	1.00	yes	needs_review
あのう	IMG_2697.HEIC	120	1	0.50	no	needs_review
あのかた	IMG_2697.HEIC	120	1	1.00	no	needs_review
あびます	IMG_2697.HEIC	120	2	1.00	yes	needs_review
あぶない	IMG_2697.HEIC	120	2	0.50	yes	needs_review
あぶら	IMG_2697.HEIC	120	2	0.30	no	needs_review
あまい	IMG_2697.HEIC	120	2	0.30	yes	needs_review
あまり～ない	IMG_2697.HEIC	120	2	0.30	no	needs_review
あめ	IMG_2697.HEIC	120	2	0.30	yes	needs_review
あらいます	IMG_2697.HEIC	120	2	1.00	yes	needs_review
あります	IMG_2697.HEIC	120	2	1.00	yes	needs_review
ある	IMG_2697.HEIC	120	2	0.30	yes	needs_review
あるきます	IMG_2697.HEIC	120	2	0.50	yes	needs_review
あれ	IMG_2697.HEIC	120	2	1.00	yes	needs_review
いいえ	IMG_2697.HEIC	120	2	1.00	yes	needs_review
いいですね	IMG_2697.HEIC	120	2	0.50	yes	needs_review
いいます	IMG_2697.HEIC	120	2	0.30	yes	needs_review
いえ［家］	IMG_2697.HEIC	120	2	0.30	yes	needs_review
いかがですか	IMG_2697.HEIC	120	2	1.00	yes	needs_review
いきます	IMG_2697.HEIC	120	2	0.30	yes	needs_review
いくつ	IMG_2697.HEIC	120	2	1.00	yes	needs_review
いけ	IMG_2697.HEIC	120	2	0.30	yes	needs_review
いしゃ	IMG_2697.HEIC	120	2	1.00	yes	needs_review
いす	IMG_2697.HEIC	120	2	0.30	yes	needs_review
いそがしい	IMG_2697.HEIC	120	2	1.00	yes	needs_review
いたい	IMG_2697.HEIC	120	2	1.00	yes	needs_review
いただきます	IMG_2697.HEIC	120	2	0.50	no	needs_review
いちにちじゅう	IMG_2697.HEIC	120	2	1.00	no	needs_review
いちばん	IMG_2697.HEIC	120	2	0.30	yes	needs_review
いっしょに	IMG_2697.HEIC	120	2	0.50	yes	needs_review
いつも	IMG_2697.HEIC	120	2	1.00	yes	needs_review
いぬ	IMG_2697.HEIC	120	2	0.30	yes	needs_review
いま	IMG_2697.HEIC	120	2	1.00	yes	needs_review
います	IMG_2697.HEIC	120	3	0.50	yes	needs_review
いもうと	IMG_2697.HEIC	120	3	1.00	yes	needs_review
いや	IMG_2697.HEIC	120	3	0.30	yes	needs_review
いらっしゃい	IMG_2697.HEIC	120	3	1.00	no	needs_review
いらっしゃいませ	IMG_2697.HEIC	120	3	1.00	no	needs_review
いりぐち	IMG_2697.HEIC	120	3	1.00	yes	needs_review
いります	IMG_2697.HEIC	120	3	0.30	yes	needs_review
いろ	IMG_2697.HEIC	120	3	0.50	yes	needs_review
うえ	IMG_2697.HEIC	120	3	0.30	yes	needs_review
うけつけ	IMG_2697.HEIC	120	3	1.00	no	needs_review
うけます	IMG_2697.HEIC	120	3	0.30	no	needs_review
うしろ	IMG_2697.HEIC	120	3	0.50	yes	needs_review
うすい	IMG_2697.HEIC	120	3	1.00	yes	needs_review
うた	IMG_2697.HEIC	120	3	0.30	yes	needs_review
うたいます	IMG_2697.HEIC	120	3	0.50	yes	needs_review
うち	IMG_2697.HEIC	120	3	0.30	no	needs_review
うどん	IMG_2697.HEIC	120	3	0.30	no	needs_review
うまれます	IMG_2697.HEIC	120	3	0.50	yes	needs_review
うみ	IMG_2697.HEIC	120	3	0.30	yes	needs_review
うれしい	IMG_2697.HEIC	120	3	1.00	no	needs_review
うれます	IMG_2697.HEIC	120	3	0.30	no	needs_review
おいしい	IMG_2697.HEIC	121	4	0.30	yes	needs_review
おおい	IMG_2697.HEIC	121	4	0.30	yes	needs_review
おおきい	IMG_2697.HEIC	121	4	0.30	yes	needs_review
おおぜい	IMG_2697.HEIC	121	4	0.30	yes	needs_review
おかあさん	IMG_2697.HEIC	121	4	1.00	yes	needs_review
おかし”	IMG_2697.HEIC	121	4	0.30	yes	needs_review
おかね	IMG_2697.HEIC	121	4	0.30	yes	needs_review
おきます［起きます］	IMG_2697.HEIC	121	4	0.30	yes	needs_review
おくさん	IMG_2697.HEIC	121	4	0.30	yes	needs_review
おくります	IMG_2697.HEIC	121	4	0.30	no	needs_review
おげんきで	IMG_2697.HEIC	121	4	0.30	yes	needs_review
おこります［怒ります］	IMG_2697.HEIC	121	4	0.50	no	needs_review
おしえます	IMG_2697.HEIC	121	4	0.50	yes	needs_review
おします	IMG_2697.HEIC	121	4	0.30	yes	needs_review
おじいさん	IMG_2697.HEIC	121	4	0.30	yes	needs_review
おじさん	IMG_2697.HEIC	121	4	0.30	yes	needs_review
おちゃ	IMG_2697.HEIC	121	4	0.50	yes	needs_review
おつり	IMG_2697.HEIC	121	4	0.50	no	needs_review
おてあらい	IMG_2697.HEIC	121	4	1.00	yes	needs_review
おと	IMG_2697.HEIC	121	4	0.50	no	needs_review
おとうさん	IMG_2697.HEIC	121	4	1.00	yes	needs_review
おとうと	IMG_2697.HEIC	121	4	0.30	yes	needs_review
おとこ	IMG_2697.HEIC	121	4	0.30	yes	needs_review
おとこのこ	IMG_2697.HEIC	121	4	1.00	yes	needs_review
おととい	IMG_2697.HEIC	121	4	0.50	yes	needs_review
おととし	IMG_2697.HEIC	121	4	1.00	yes	needs_review
おとな	IMG_2697.HEIC	121	4	1.00	yes	needs_review
おなか	IMG_2697.HEIC	121	4	0.30	yes	needs_review
おにいさん	IMG_2697.HEIC	121	4	1.00	yes	needs_review
おにぎり	IMG_2697.HEIC	121	4	0.50	no	needs_review
おねえさん	IMG_2697.HEIC	121	4	1.00	yes	needs_review
おねがい（します）	IMG_2697.HEIC	121	4	0.30	no	needs_review
おはようございます	IMG_2697.HEIC	121	4	1.00	no	needs_review
おばあさん	IMG_2697.HEIC	121	4	1.00	yes	needs_review
おばさん	IMG_2697.HEIC	121	4	0.30	yes	needs_review
おふろ	IMG_2697.HEIC	121	4	0.30	yes	needs_review
おぼえます	IMG_2697.HEIC	121	4	0.50	yes	needs_review
おまわりさん	IMG_2697.HEIC	121	4	1.00	yes	needs_review
おもい	IMG_2697.HEIC	121	4	0.30	yes	needs_review
おもしろい	IMG_2697.HEIC	121	4	1.00	yes	needs_review
おやすみなさい	IMG_2697.HEIC	121	5	1.00	no	needs_review
おや［親］	IMG_2697.HEIC	121	5	0.30	no	needs_review
おゆ	IMG_2697.HEIC	121	5	0.30	no	needs_review
おります［降ります］	IMG_2697.HEIC	121	5	0.50	yes	needs_review
おわり	IMG_2697.HEIC	121	5	0.30	no	needs_review
おわります	IMG_2697.HEIC	121	5	1.00	yes	needs_review
おんがく	IMG_2697.HEIC	121	5	0.30	yes	needs_review
おんな	IMG_2697.HEIC	121	5	1.00	yes	needs_review
おんなのこ	IMG_2697.HEIC	121	5	0.50	yes	needs_review
お元気で	IMG_2697.HEIC	121	4	0.30	yes	needs_review
かいしゃ	IMG_2697.HEIC	121	5	0.50	yes	needs_review
かいしゃいん	IMG_2697.HEIC	121	5	1.00	no	needs_review
かいだん	IMG_2697.HEIC	121	5	0.30	yes	needs_review
かいもの（します）	IMG_2697.HEIC	121	5	0.50	yes	needs_review
かう	IMG_2697.HEIC	121	5	1.00	yes	needs_review
かお	IMG_2697.HEIC	121	5	0.30	no	needs_review
かかります	IMG_2697.HEIC	121	5	1.00	yes	needs_review
かぎ	IMG_2697.HEIC	121	5	0.30	yes	needs_review
かく	IMG_2697.HEIC	121	5	0.30	yes	needs_review
かけます［かぎを～］	IMG_2697.HEIC	121	5	0.30	yes	needs_review
かさ	IMG_2697.HEIC	121	5	0.30	yes	needs_review
かぜ［風］	IMG_2697.HEIC	121	5	0.30	yes	needs_review
かたかな	IMG_2697.HEIC	121	5	1.00	no	needs_review
かど	IMG_2697.HEIC	121	5	0.30	yes	needs_review
かなしい	IMG_2697.HEIC	121	5	1.00	no	needs_review
かのじょ	IMG_2697.HEIC	121	6	1.00	no	needs_review
かばん	IMG_2697.HEIC	121	6	1.00	yes	needs_review
かびん	IMG_2697.HEIC	121	6	1.00	yes	needs_review
かぶります	IMG_2697.HEIC	121	6	0.50	no	needs_review
かべ	IMG_2697.HEIC	121	6	0.30	no	needs_review
かみ［髪］	IMG_2697.HEIC	121	6	0.30	yes	needs_review
からい	IMG_2697.HEIC	121	6	0.30	yes	needs_review
からだ	IMG_2697.HEIC	121	6	1.00	yes	needs_review
かれ	IMG_2697.HEIC	121	6	0.30	yes	needs_review
かわ	IMG_2697.HEIC	121	6	0.30	yes	needs_review
かわいい	IMG_2697.HEIC	121	6	1.00	yes	needs_review
かん	IMG_2697.HEIC	120	3	1.00	no	needs_review
かんこく	IMG_2697.HEIC	121	6	1.00	no	needs_review
かんじ	IMG_2697.HEIC	121	6	0.30	yes	needs_review
がいこく	IMG_2697.HEIC	121	5	0.50	yes	needs_review
がいこくじん	IMG_2697.HEIC	121	5	0.50	yes	needs_review
がっこう	IMG_2697.HEIC	121	5	1.00	yes	needs_review
き	IMG_2697.HEIC	121	6	0.30	yes	needs_review
きえます	IMG_2697.HEIC	121	6	0.50	yes	needs_review
きこえます	IMG_2697.HEIC	121	6	1.00	no	needs_review
きた	IMG_2697.HEIC	121	6	0.30	yes	needs_review
きたない	IMG_2697.HEIC	121	6	1.00	yes	needs_review
きっさてん	IMG_2697.HEIC	121	6	1.00	yes	needs_review
きって	IMG_2697.HEIC	121	6	0.30	yes	needs_review
きのう	IMG_2697.HEIC	121	6	1.00	yes	needs_review
きぶん	IMG_2697.HEIC	121	6	1.00	no	needs_review
きます［着ます］	IMG_2697.HEIC	121	6	0.50	yes	needs_review
きれい（な）	IMG_2698.HEIC	122	1	0.50	yes	needs_review
ぎゅうにく	IMG_2697.HEIC	121	6	1.00	yes	needs_review
ぎんこう	IMG_2698.HEIC	122	1	0.50	yes	needs_review
くうこう	IMG_2698.HEIC	122	1	1.00	no	needs_review
くすり	IMG_2698.HEIC	122	1	1.00	yes	needs_review
くすりや	IMG_2698.HEIC	122	1	1.00	no	needs_review
ください	IMG_2698.HEIC	122	1	1.00	yes	needs_review
くだもの	IMG_2698.HEIC	122	1	1.00	yes	needs_review
くち	IMG_2698.HEIC	122	1	0.30	yes	needs_review
くつ	IMG_2698.HEIC	122	1	1.00	yes	needs_review
くつした	IMG_2698.HEIC	122	1	0.30	yes	needs_review
くに	IMG_2698.HEIC	122	1	0.30	yes	needs_review
くも	IMG_2698.HEIC	122	1	0.30	no	needs_review
くもり	IMG_2698.HEIC	122	1	1.00	yes	needs_review
くもります	IMG_2698.HEIC	122	1	1.00	yes	needs_review
くるま	IMG_2698.HEIC	122	1	0.30	yes	needs_review
くろい	IMG_2698.HEIC	122	1	0.30	yes	needs_review
けいさつ	IMG_2698.HEIC	122	1	0.30	no	needs_review
けいざい	IMG_2698.HEIC	122	1	0.30	no	needs_review
けいたいでんわ	IMG_2698.HEIC	122	1	0.50	no	needs_review
けさ	IMG_2698.HEIC	122	1	0.30	yes	needs_review
けしき	IMG_2698.HEIC	122	1	0.30	no	needs_review
けします	IMG_2698.HEIC	122	1	0.50	yes	needs_review
けしゴム	IMG_2698.HEIC	122	1	1.00	no	needs_review
けんきゅう（します）	IMG_2698.HEIC	122	1	0.50	no	needs_review
げんかん	IMG_2698.HEIC	122	1	0.50	yes	needs_review
げんき（な）	IMG_2698.HEIC	122	1	0.30	yes	needs_review
こうえん	IMG_2698.HEIC	122	1	0.50	yes	needs_review
こうくうびん	IMG_2698.HEIC	122	1	1.00	no	needs_review
こうこう	IMG_2698.HEIC	122	1	0.30	no	needs_review
こうさてん	IMG_2698.HEIC	122	1	1.00	yes	needs_review
こうじょう	IMG_2698.HEIC	122	1	1.00	no	needs_review
こうちゃ	IMG_2698.HEIC	122	2	0.50	yes	needs_review
こうぱん	IMG_2698.HEIC	122	2	0.50	no	needs_review
こえ	IMG_2698.HEIC	122	2	1.00	yes	needs_review
ここ	IMG_2698.HEIC	122	2	0.50	yes	needs_review
こち	IMG_2698.HEIC	122	2	1.00	no	needs_review
こちら	IMG_2698.HEIC	122	2	1.00	yes	needs_review
こちらこそ	IMG_2698.HEIC	122	2	1.00	yes	needs_review
ことし	IMG_2698.HEIC	122	2	1.00	yes	needs_review
ことば	IMG_2698.HEIC	122	2	0.50	yes	needs_review
こども	IMG_2698.HEIC	122	2	1.00	yes	needs_review
こどもたち	IMG_2698.HEIC	122	2	0.30	no	needs_review
この	IMG_2698.HEIC	122	2	1.00	yes	needs_review
このかた	IMG_2698.HEIC	122	2	1.00	no	needs_review
こみます	IMG_2698.HEIC	122	2	1.00	no	needs_review
ご	IMG_2698.HEIC	122	2	1.00	yes	needs_review
ごぜん	IMG_2698.HEIC	122	2	1.00	yes	needs_review
ごちそうさま	IMG_2698.HEIC	122	2	1.00	no	needs_review
ごみ	IMG_2698.HEIC	122	2	0.30	no	needs_review
ごめんください	IMG_2698.HEIC	122	2	0.30	no	needs_review
しめます［ネクタイを～］	IMG_2698.HEIC	123	4	0.30	yes	needs_review
しゃしん	IMG_2698.HEIC	123	4	1.00	yes	needs_review
しゃちょう	IMG_2698.HEIC	123	4	1.00	no	needs_review
しゅくだい	IMG_2698.HEIC	123	4	0.50	yes	needs_review
しょうがっこう	IMG_2698.HEIC	123	4	1.00	no	needs_review
しょうがつ	IMG_2698.HEIC	123	4	0.30	no	needs_review
しょうひん	IMG_2698.HEIC	123	4	1.00	no	needs_review
しょうゆ	IMG_2698.HEIC	123	4	0.50	yes	needs_review
しょくじ	IMG_2698.HEIC	123	4	0.50	no	needs_review
しょくどう	IMG_2698.HEIC	123	4	0.50	yes	needs_review
しょっき	IMG_2698.HEIC	123	4	0.50	no	needs_review
しろい	IMG_2698.HEIC	123	4	0.30	yes	needs_review
しんかんせん	IMG_2698.HEIC	123	4	0.50	no	needs_review
しんごう	IMG_2698.HEIC	123	4	0.30	no	needs_review
しんせつ（な）	IMG_2698.HEIC	123	4	0.30	no	needs_review
しんぶん	IMG_2698.HEIC	123	4	0.30	yes	needs_review
じゃ	IMG_2698.HEIC	123	4	0.30	yes	needs_review
じゅうしょ	IMG_2698.HEIC	123	4	1.00	no	needs_review
じゅうどう	IMG_2698.HEIC	123	4	1.00	no	needs_review
じゅぎょう	IMG_2698.HEIC	123	4	1.00	yes	needs_review
じょうず	IMG_2698.HEIC	123	4	0.30	yes	needs_review
じょうぶ（な）	IMG_2698.HEIC	123	4	0.30	yes	needs_review
じんじゃ	IMG_2698.HEIC	123	4	0.30	no	needs_review
すいえい	IMG_2698.HEIC	123	4	1.00	no	needs_review
すいます	IMG_2698.HEIC	123	4	0.50	yes	needs_review
すき（な）	IMG_2698.HEIC	123	4	0.30	yes	needs_review
すくない	IMG_2698.HEIC	123	4	0.50	yes	needs_review
すぐに	IMG_2698.HEIC	123	4	0.30	yes	needs_review
すこし	IMG_2698.HEIC	123	4	1.00	yes	needs_review
すごく	IMG_2698.HEIC	123	4	1.00	no	needs_review
すずしい	IMG_2698.HEIC	123	5	1.00	yes	needs_review
すっぱい	IMG_2698.HEIC	123	5	1.00	no	needs_review
すてます	IMG_2698.HEIC	123	5	0.50	no	needs_review
すみます［住みます］	IMG_2698.HEIC	123	5	0.30	yes	needs_review
すみません	IMG_2698.HEIC	123	5	0.30	yes	needs_review
すもう	IMG_2698.HEIC	123	5	0.30	no	needs_review
せ	IMG_2698.HEIC	123	5	0.50	yes	needs_review
せいと	IMG_2698.HEIC	123	5	0.30	yes	needs_review
せかい	IMG_2698.HEIC	123	5	0.30	no	needs_review
せき	IMG_2698.HEIC	123	5	0.30	no	needs_review
せっけん	IMG_2698.HEIC	123	5	1.00	yes	needs_review
せまい	IMG_2698.HEIC	123	5	0.30	yes	needs_review
せんげつ	IMG_2698.HEIC	123	5	1.00	yes	needs_review
せんしゅう	IMG_2698.HEIC	123	5	0.50	yes	needs_review
せんせい	IMG_2698.HEIC	123	5	0.30	yes	needs_review
せんたく（します）	IMG_2698.HEIC	123	5	0.50	yes	needs_review
ぜんぶぶ	IMG_2698.HEIC	123	5	0.30	no	needs_review
そうじ（します）	IMG_2698.HEIC	123	5	0.50	yes	needs_review
そうです	IMG_2698.HEIC	123	5	0.30	no	needs_review
そくたつ	IMG_2698.HEIC	123	5	0.30	no	needs_review
そこ	IMG_2698.HEIC	123	5	0.30	yes	needs_review
そして	IMG_2698.HEIC	123	5	0.50	yes	needs_review
そちら	IMG_2698.HEIC	123	5	0.30	yes	needs_review
そっち	IMG_2698.HEIC	123	5	1.00	yes	needs_review
そつぎょう（します）	IMG_2698.HEIC	123	5	0.30	no	needs_review
そと	IMG_2698.HEIC	123	5	0.30	yes	needs_review
その	IMG_2698.HEIC	123	5	0.30	yes	needs_review
そのかた	IMG_2698.HEIC	123	5	0.50	no	needs_review
そば	IMG_2698.HEIC	123	5	0.30	yes	needs_review
そら	IMG_2698.HEIC	123	5	0.30	yes	needs_review
それ	IMG_2698.HEIC	123	6	0.30	yes	needs_review
それから	IMG_2698.HEIC	123	6	0.30	yes	needs_review
たいしかん	IMG_2698.HEIC	123	6	0.30	yes	needs_review
たいせつ（な）	IMG_2698.HEIC	123	6	0.50	yes	needs_review
たいてい	IMG_2698.HEIC	123	6	0.50	no	needs_review
たいへん	IMG_2698.HEIC	123	6	1.00	yes	needs_review
たいわん	IMG_2698.HEIC	123	6	1.00	no	needs_review
たかい	IMG_2698.HEIC	123	6	0.30	yes	needs_review
たくさん	IMG_2698.HEIC	123	6	0.50	yes	needs_review
たちます	IMG_2698.HEIC	123	6	0.30	yes	needs_review
たっきゅう	IMG_2698.HEIC	123	6	0.50	no	needs_review
たてもの	IMG_2698.HEIC	123	6	1.00	yes	needs_review
たのしい	IMG_2698.HEIC	123	6	1.00	yes	needs_review
たべます	IMG_2698.HEIC	123	6	1.00	yes	needs_review
たべもの	IMG_2698.HEIC	123	6	1.00	yes	needs_review
たまご….	IMG_2698.HEIC	123	6	0.30	yes	needs_review
たんじょうび	IMG_2698.HEIC	123	6	1.00	yes	needs_review
だいがく	IMG_2698.HEIC	123	6	1.00	yes	needs_review
だいがくせ	IMG_2698.HEIC	123	6	0.50	no	needs_review
だいじょうぶ	IMG_2698.HEIC	123	6	1.00	yes	needs_review
だいたい	IMG_2698.HEIC	123	6	0.30	no	needs_review
だいどころ	IMG_2698.HEIC	123	6	1.00	yes	needs_review
だします	IMG_2698.HEIC	123	6	1.00	yes	needs_review
だち	IMG_2699.HEIC	125	6	0.50	yes	needs_review
だれ	IMG_2698.HEIC	123	6	0.30	yes	needs_review
だんだん	IMG_2698.HEIC	123	6	1.00	yes	needs_review
ちいさい	IMG_2698.HEIC	123	6	1.00	yes	needs_review
ちかい	IMG_2698.HEIC	123	6	0.50	yes	needs_review
ちかく	IMG_2698.HEIC	123	6	1.00	yes	needs_review
ちかてつ	IMG_2698.HEIC	123	6	1.00	yes	needs_review
ちず	IMG_2698.HEIC	123	6	0.30	yes	needs_review
ちち	IMG_2698.HEIC	123	6	0.30	no	needs_review
ちゃいろい	IMG_2698.HEIC	123	6	1.00	no	needs_review
ちゅうがっこう	IMG_2698.HEIC	123	6	0.50	yes	needs_review
ちゅうごくご	IMG_2698.HEIC	123	6	0.30	no	needs_review
ちゅうもん（します）	IMG_2699.HEIC	124	1	0.50	yes	needs_review
ちょうど	IMG_2699.HEIC	124	1	1.00	yes	needs_review
ちょっと	IMG_2699.HEIC	124	1	1.00	yes	needs_review
ついています	IMG_2699.HEIC	124	1	0.50	no	needs_review
つかれます	IMG_2699.HEIC	124	1	1.00	yes	needs_review
つきます	IMG_2699.HEIC	124	1	1.00	yes	needs_review
つくえ	IMG_2699.HEIC	124	1	1.00	yes	needs_review
つくります	IMG_2699.HEIC	124	1	0.30	yes	needs_review
つけます［エアコンを～］	IMG_2699.HEIC	124	1	0.30	yes	needs_review
つすぐ	IMG_2699.HEIC	125	6	0.30	no	needs_review
つたえます	IMG_2699.HEIC	124	1	0.30	no	needs_review
つとめます	IMG_2699.HEIC	124	1	0.50	yes	needs_review
つまらない	IMG_2699.HEIC	124	1	1.00	yes	needs_review
つめたい	IMG_2699.HEIC	124	1	0.50	yes	needs_review
つよい	IMG_2699.HEIC	124	1	1.00	yes	needs_review
つります	IMG_2697.HEIC	120	3	0.30	no	needs_review
て	IMG_2699.HEIC	124	1	1.00	yes	needs_review
てがみ	IMG_2699.HEIC	124	1	0.30	yes	needs_review
てちょう	IMG_2699.HEIC	124	1	1.00	no	needs_review
てら	IMG_2699.HEIC	124	1	1.00	no	needs_review
てんいん	IMG_2699.HEIC	124	1	1.00	no	needs_review
てんき	IMG_2699.HEIC	124	1	0.50	yes	needs_review
てんちょう	IMG_2699.HEIC	124	1	1.00	no	needs_review
てんぷら	IMG_2699.HEIC	124	1	0.30	no	needs_review
でかけます	IMG_2699.HEIC	124	1	1.00	yes	needs_review
できます	IMG_2699.HEIC	124	1	0.50	yes	needs_review
でぐち	IMG_2699.HEIC	124	1	1.00	yes	needs_review
では、また	IMG_2699.HEIC	124	1	1.00	yes	needs_review
でます	IMG_2699.HEIC	124	1	0.50	yes	needs_review
でも	IMG_2699.HEIC	124	1	1.00	yes	needs_review
でんき	IMG_2699.HEIC	124	1	1.00	yes	needs_review
でんごん	IMG_2699.HEIC	124	1	1.00	no	needs_review
でんしゃ	IMG_2699.HEIC	124	1	1.00	yes	needs_review
でんわ（します）	IMG_2699.HEIC	124	1	0.50	yes	needs_review
とおい	IMG_2699.HEIC	124	2	0.30	yes	needs_review
とおります	IMG_2699.HEIC	124	2	1.00	no	needs_review
ときどき	IMG_2699.HEIC	124	2	1.00	yes	needs_review
とけい	IMG_2699.HEIC	124	2	1.00	yes	needs_review
ところ	IMG_2699.HEIC	124	2	1.00	yes	needs_review
としょかん	IMG_2699.HEIC	124	2	1.00	yes	needs_review
とっきゅう	IMG_2699.HEIC	124	2	0.30	no	needs_review
とても	IMG_2699.HEIC	124	2	1.00	yes	needs_review
となり	IMG_2699.HEIC	124	2	0.30	yes	needs_review
とびます	IMG_2699.HEIC	124	2	0.50	yes	needs_review
とまります	IMG_2699.HEIC	124	2	1.00	yes	needs_review
ともだち	IMG_2699.HEIC	124	2	1.00	yes	needs_review
とり	IMG_2699.HEIC	124	2	0.30	yes	needs_review
とりにく	IMG_2699.HEIC	124	2	1.00	yes	needs_review
とります［ちゅうもんを～］	IMG_2699.HEIC	124	2	0.30	yes	needs_review
とる［ぼうしを～］	IMG_2699.HEIC	124	2	0.30	yes	needs_review
と［戸］	IMG_2699.HEIC	124	2	0.30	yes	needs_review
どう	IMG_2699.HEIC	124	2	1.00	yes	needs_review
どういたしまして	IMG_2699.HEIC	124	2	1.00	no	needs_review
どうして	IMG_2699.HEIC	124	2	1.00	yes	needs_review
どうしましたか	IMG_2699.HEIC	124	2	1.00	no	needs_review
どうぞ	IMG_2699.HEIC	124	2	0.30	yes	needs_review
どうぞよろしく	IMG_2699.HEIC	124	2	1.00	no	needs_review
どうぶつ	IMG_2699.HEIC	124	2	0.30	yes	needs_review
どうもありがとうございます	IMG_2699.HEIC	124	2	0.50	no	needs_review
どうやって	IMG_2699.HEIC	124	2	0.50	no	needs_review
どこ	IMG_2699.HEIC	124	2	1.00	yes	needs_review
どっち	IMG_2699.HEIC	124	2	1.00	yes	needs_review
どなた	IMG_2699.HEIC	124	2	1.00	yes	needs_review
どの	IMG_2699.HEIC	124	2	1.00	yes	needs_review
どのくらい	IMG_2699.HEIC	124	2	1.00	yes	needs_review
どれ	IMG_2699.HEIC	124	2	0.30	yes	needs_review
どんな	IMG_2699.HEIC	124	2	0.30	no	needs_review
な）	IMG_2699.HEIC	124	3	0.30	no	needs_review
にく	IMG_2699.HEIC	124	3	0.30	yes	needs_review
にくや	IMG_2699.HEIC	124	3	1.00	yes	needs_review
にし	IMG_2699.HEIC	124	3	1.00	yes	needs_review
にほん	IMG_2699.HEIC	124	3	0.30	no	needs_review
にほんご	IMG_2699.HEIC	124	3	0.30	no	needs_review
にほんじん	IMG_2699.HEIC	124	3	1.00	no	needs_review
にもつ	IMG_2699.HEIC	124	3	0.30	yes	needs_review
にゅうがく（します）	IMG_2699.HEIC	124	3	0.50	no	needs_review
にわ	IMG_2699.HEIC	124	3	1.00	yes	needs_review
ぬぎます	IMG_2699.HEIC	124	3	0.30	yes	needs_review
ねこ	IMG_2699.HEIC	124	3	0.30	yes	needs_review
ねだん	IMG_2699.HEIC	124	3	0.30	no	needs_review
ねつ	IMG_2699.HEIC	124	3	0.30	no	needs_review
ねます	IMG_2699.HEIC	124	3	0.30	no	needs_review
のど	IMG_2699.HEIC	125	4	0.30	no	needs_review
のぼります	IMG_2699.HEIC	125	4	1.00	yes	needs_review
のみます	IMG_2699.HEIC	125	4	1.00	no	needs_review
のみもの	IMG_2699.HEIC	125	4	1.00	yes	needs_review
のりば	IMG_2699.HEIC	125	4	0.30	no	needs_review
のります	IMG_2699.HEIC	125	4	0.30	yes	needs_review
のる	IMG_2699.HEIC	125	4	1.00	yes	needs_review
はい	IMG_2699.HEIC	125	4	0.30	yes	needs_review
はいります	IMG_2699.HEIC	125	4	0.30	yes	needs_review
はがき	IMG_2699.HEIC	125	4	1.00	yes	needs_review
はく	IMG_2699.HEIC	125	4	0.30	yes	needs_review
はこ	IMG_2699.HEIC	125	4	0.50	yes	needs_review
はし	IMG_2699.HEIC	125	4	0.30	yes	needs_review
はじまります	IMG_2699.HEIC	125	4	0.50	yes	needs_review
はじめて	IMG_2699.HEIC	125	4	0.30	yes	needs_review
はじめまして	IMG_2699.HEIC	125	4	1.00	no	needs_review
はじめます［始めます］	IMG_2699.HEIC	125	4	0.30	no	needs_review
はじめ［初め］	IMG_2699.HEIC	125	4	0.30	yes	needs_review
はたらきます	IMG_2699.HEIC	125	4	0.50	yes	needs_review
はなします	IMG_2699.HEIC	125	4	0.50	yes	needs_review
はなや	IMG_2699.HEIC	125	4	0.30	yes	needs_review
はな［花］	IMG_2699.HEIC	125	4	0.30	yes	needs_review
はは	IMG_2699.HEIC	125	4	0.50	no	needs_review
はらいます	IMG_2699.HEIC	125	4	0.50	no	needs_review
はります	IMG_2699.HEIC	125	4	0.50	no	needs_review
はる	IMG_2699.HEIC	125	4	0.30	yes	needs_review
はれ	IMG_2699.HEIC	125	4	1.00	yes	needs_review
はれます	IMG_2699.HEIC	125	4	0.30	yes	needs_review
はんぶん	IMG_2699.HEIC	125	5	1.00	yes	needs_review
は［歯］	IMG_2699.HEIC	125	4	0.30	yes	needs_review
ばん	IMG_2699.HEIC	125	4	0.30	yes	needs_review
ばんごう	IMG_2699.HEIC	125	5	1.00	yes	needs_review
ばんごはん	IMG_2699.HEIC	125	5	1.00	yes	needs_review
ひがし	IMG_2699.HEIC	125	5	1.00	yes	needs_review
ひきます［ギターを～］	IMG_2699.HEIC	125	5	0.30	yes	needs_review
ひくい	IMG_2699.HEIC	125	5	1.00	yes	needs_review
ひこうき	IMG_2699.HEIC	125	5	1.00	yes	needs_review
ひだり一0	IMG_2699.HEIC	125	5	0.30	no	needs_review
ひと	IMG_2699.HEIC	125	5	1.00	yes	needs_review
ひとつき	IMG_2699.HEIC	125	5	1.00	yes	needs_review
ひま（な）	IMG_2699.HEIC	125	5	0.30	yes	needs_review
ひらがな．	IMG_2699.HEIC	125	5	0.30	no	needs_review
ひらきます	IMG_2699.HEIC	125	5	1.00	yes	needs_review
ひる	IMG_2699.HEIC	125	5	0.30	yes	needs_review
ひるごはん	IMG_2699.HEIC	125	5	1.00	yes	needs_review
ひろい	IMG_2699.HEIC	125	5	1.00	yes	needs_review
びじゅつかん	IMG_2699.HEIC	125	5	1.00	no	needs_review
びょういん	IMG_2699.HEIC	125	5	1.00	yes	needs_review
びょうき	IMG_2699.HEIC	125	5	1.00	yes	needs_review
ふうとう	IMG_2699.HEIC	125	5	1.00	yes	needs_review
ふきます	IMG_2699.HEIC	125	5	0.50	yes	needs_review
ふく	IMG_2699.HEIC	125	5	0.30	yes	needs_review
ふとい	IMG_2699.HEIC	125	5	0.30	yes	needs_review
ふね	IMG_2699.HEIC	125	5	0.50	no	needs_review
ふゆ	IMG_2699.HEIC	125	5	1.00	yes	needs_review
ふります	IMG_2699.HEIC	125	5	0.50	yes	needs_review
ふるい	IMG_2699.HEIC	125	5	0.30	yes	needs_review
ぶたにく	IMG_2699.HEIC	125	5	1.00	yes	needs_review
ぶんしょう	IMG_2699.HEIC	125	5	0.30	yes	needs_review
へた	IMG_2699.HEIC	125	6	0.50	yes	needs_review
へや	IMG_2699.HEIC	125	6	1.00	yes	needs_review
べんきょう（します）2	IMG_2699.HEIC	125	6	0.30	yes	needs_review
ほそい	IMG_2699.HEIC	125	6	0.30	yes	needs_review
ほん	IMG_2699.HEIC	125	6	0.30	yes	needs_review
ほんこん	IMG_2699.HEIC	125	6	0.50	no	needs_review
ほんだな	IMG_2699.HEIC	125	6	0.50	yes	needs_review
ほんとうに	IMG_2699.HEIC	125	6	1.00	yes	needs_review
ほんや	IMG_2699.HEIC	125	6	0.50	yes	needs_review
ぼうし	IMG_2699.HEIC	125	6	0.30	yes	needs_review
まいあさ	IMG_2699.HEIC	125	6	1.00	yes	needs_review
まいしう	IMG_2699.HEIC	125	6	0.50	no	needs_review
まいつ	IMG_2699.HEIC	125	6	1.00	no	needs_review
まいと	IMG_2699.HEIC	125	6	1.00	no	needs_review
まいにち	IMG_2699.HEIC	125	6	1.00	yes	needs_review
まぇに	IMG_2699.HEIC	125	6	0.30	no	needs_review
まじめ（な）	IMG_2699.HEIC	125	6	0.30	no	needs_review
まつり	IMG_2699.HEIC	125	6	0.30	no	needs_review
まど	IMG_2700.HEIC	126	1	0.50	yes	needs_review
まるい	IMG_2700.HEIC	126	1	1.00	yes	needs_review
まんが	IMG_2700.HEIC	126	1	1.00	no	needs_review
み	IMG_2700.HEIC	126	1	0.50	no	needs_review
みえます	IMG_2700.HEIC	126	1	0.50	no	needs_review
みがきます	IMG_2700.HEIC	126	1	1.00	yes	needs_review
みぎ	IMG_2700.HEIC	126	1	0.30	yes	needs_review
みじかい	IMG_2700.HEIC	126	1	0.50	yes	needs_review
みせ	IMG_2700.HEIC	126	1	1.00	yes	needs_review
みそしる	IMG_2700.HEIC	126	1	1.00	no	needs_review
みち	IMG_2700.HEIC	126	1	1.00	yes	needs_review
みなさん	IMG_2700.HEIC	126	1	1.00	yes	needs_review
みなみ	IMG_2700.HEIC	126	1	1.00	yes	needs_review
みます	IMG_2700.HEIC	126	1	1.00	yes	needs_review
みみ	IMG_2700.HEIC	126	1	1.00	yes	needs_review
みんな	IMG_2700.HEIC	126	1	1.00	yes	needs_review
むかい	IMG_2700.HEIC	126	1	1.00	no	needs_review
むこう	IMG_2700.HEIC	126	1	1.00	yes	needs_review
むずかしい	IMG_2700.HEIC	126	1	1.00	yes	needs_review
むね	IMG_2700.HEIC	126	1	1.00	no	needs_review
むら	IMG_2700.HEIC	126	1	1.00	yes	needs_review
むりょう	IMG_2700.HEIC	126	1	0.50	no	needs_review
め	IMG_2700.HEIC	126	1	1.00	yes	needs_review
めがね	IMG_2700.HEIC	126	1	1.00	yes	needs_review
も	IMG_2700.HEIC	126	1	0.50	no	needs_review
もう	IMG_2700.HEIC	126	1	1.00	yes	needs_review
もうすぐ	IMG_2700.HEIC	126	1	1.00	no	needs_review
もうすこし	IMG_2700.HEIC	126	1	1.00	no	needs_review
もうちょっと	IMG_2700.HEIC	126	1	0.50	no	needs_review
もしもし	IMG_2700.HEIC	126	1	1.00	no	needs_review
もちろん	IMG_2700.HEIC	126	1	1.00	no	needs_review
もっと	IMG_2700.HEIC	126	2	1.00	yes	needs_review
もらいます	IMG_2700.HEIC	126	2	1.00	no	needs_review
もん	IMG_2700.HEIC	126	2	0.30	yes	needs_review
や	IMG_2700.HEIC	126	2	0.50	yes	needs_review
やおや	IMG_2700.HEIC	126	2	1.00	yes	needs_review
やきゅう	IMG_2700.HEIC	126	2	1.00	no	needs_review
やさい	IMG_2700.HEIC	126	2	1.00	yes	needs_review
やさしい	IMG_2700.HEIC	126	2	0.30	yes	needs_review
やすい	IMG_2700.HEIC	126	2	0.30	yes	needs_review
やすみ	IMG_2700.HEIC	126	2	1.00	yes	needs_review
やすみます	IMG_2700.HEIC	126	2	1.00	yes	needs_review
やっきょく	IMG_2700.HEIC	126	2	0.50	no	needs_review
やま	IMG_2700.HEIC	126	2	0.30	yes	needs_review
やります	IMG_2700.HEIC	126	2	0.30	yes	needs_review
ゆうがた	IMG_2700.HEIC	126	2	0.30	yes	needs_review
ゆうはん	IMG_2700.HEIC	126	2	0.30	yes	needs_review
ゆうびんきょく	IMG_2700.HEIC	126	2	0.50	yes	needs_review
ゆうべ	IMG_2700.HEIC	126	2	0.30	yes	needs_review
ゆうめい（な）	IMG_2700.HEIC	126	2	0.30	yes	needs_review
ゆき	IMG_2700.HEIC	126	2	0.50	yes	needs_review
ゆっくり	IMG_2700.HEIC	126	2	0.50	yes	needs_review
ゆびわ	IMG_2700.HEIC	126	2	1.00	no	needs_review
よく	IMG_2700.HEIC	126	2	0.30	yes	needs_review
よくなります	IMG_2700.HEIC	126	2	0.50	no	needs_review
よこ	IMG_2700.HEIC	126	2	1.00	yes	needs_review
よびます	IMG_2700.HEIC	126	2	0.50	yes	needs_review
よみます	IMG_2700.HEIC	126	2	0.30	yes	needs_review
よる	IMG_2700.HEIC	126	2	0.30	yes	needs_review
よろしくおねがいします	IMG_2700.HEIC	126	2	0.30	no	needs_review
よわい	IMG_2700.HEIC	126	2	0.30	yes	needs_review
らいげつ	IMG_2700.HEIC	126	2	1.00	yes	needs_review
らいしゅう	IMG_2700.HEIC	126	2	1.00	yes	needs_review
らいねん	IMG_2700.HEIC	126	2	1.00	yes	needs_review
りっぱ（な）	IMG_2700.HEIC	126	3	0.30	yes	needs_review
りゅうがくせい	IMG_2700.HEIC	126	3	1.00	yes	needs_review
りゅうがく（します）	IMG_2700.HEIC	126	3	0.50	no	needs_review
りょうしん	IMG_2700.HEIC	126	3	1.00	yes	needs_review
りょうり	IMG_2700.HEIC	126	3	1.00	yes	needs_review
りょこう（します）	IMG_2700.HEIC	126	3	0.30	yes	needs_review
れ	IMG_2700.HEIC	126	3	1.00	no	needs_review
れいぞうこ	IMG_2700.HEIC	126	3	1.00	yes	needs_review
れんしゅう（します）	IMG_2700.HEIC	126	3	0.30	yes	needs_review
れんらく（します）	IMG_2700.HEIC	126	3	0.50	no	needs_review
ろ	IMG_2700.HEIC	126	3	1.00	no	needs_review
ろうか	IMG_2700.HEIC	126	3	1.00	yes	needs_review
わかい	IMG_2700.HEIC	126	3	1.00	yes	needs_review
わかります	IMG_2700.HEIC	126	3	1.00	yes	needs_review
わたくし	IMG_2700.HEIC	126	3	1.00	yes	needs_review
わたし	IMG_2700.HEIC	126	3	0.30	yes	needs_review
わたしたち	IMG_2700.HEIC	126	3	1.00	no	needs_review
わたします	IMG_2700.HEIC	126	3	0.30	yes	needs_review
わたります	IMG_2700.HEIC	126	3	0.50	yes	needs_review
わるい	IMG_2700.HEIC	126	3	1.00	yes	needs_review
アジア	IMG_2697.HEIC	120	1	1.00	no	needs_review
アニメ	IMG_2697.HEIC	120	1	1.00	no	needs_review
アパート	IMG_2697.HEIC	120	2	1.00	yes	needs_review
アメリカ	IMG_2697.HEIC	120	2	1.00	no	needs_review
アルバイト	IMG_2697.HEIC	120	2	1.00	no	needs_review
イギリス	IMG_2697.HEIC	120	2	1.00	no	needs_review
インターネット	IMG_2697.HEIC	120	3	1.00	no	needs_review
インドネシア	IMG_2697.HEIC	120	3	1.00	no	needs_review
オーストラリア	IMG_2697.HEIC	121	4	1.00	no	needs_review
オートバイ	IMG_2697.HEIC	121	4	1.00	no	needs_review
カフェ	IMG_2697.HEIC	121	6	1.00	no	needs_review
カメラ	IMG_2697.HEIC	121	6	0.30	yes	needs_review
カラオケ	IMG_2697.HEIC	121	6	1.00	no	needs_review
カレー	IMG_2697.HEIC	121	6	1.00	yes	needs_review
カンボジア	IMG_2697.HEIC	121	6	1.00	no	needs_review
カード	IMG_2697.HEIC	121	5	0.30	yes	needs_review
ガラス	IMG_2697.HEIC	121	6	0.30	no	needs_review
ギター	IMG_2697.HEIC	121	6	0.50	yes	needs_review
クラシック	IMG_2698.HEIC	122	1	0.30	no	needs_review
クラス	IMG_2698.HEIC	122	1	1.00	yes	needs_review
クレジットカード	IMG_2698.HEIC	122	1	1.00	no	needs_review
グラス	IMG_2698.HEIC	122	1	1.00	no	needs_review
ゲーム	IMG_2698.HEIC	122	1	0.30	no	needs_review
コップ	IMG_2698.HEIC	122	2	0.50	yes	needs_review
コピー（します）	IMG_2698.HEIC	122	2	0.50	yes	needs_review
コート	IMG_2698.HEIC	122	2	1.00	yes	needs_review
コーヒ	IMG_2698.HEIC	122	2	0.50	yes	needs_review
シャツ	IMG_2698.HEIC	123	4	0.30	yes	needs_review
シャワー	IMG_2698.HEIC	123	4	1.00	yes	needs_review
シャーペン	IMG_2698.HEIC	123	4	1.00	no	needs_review
ジャズ	IMG_2698.HEIC	123	4	0.30	no	needs_review
ジュース	IMG_2698.HEIC	123	4	0.30	no	needs_review
スカート	IMG_2698.HEIC	123	4	0.50	yes	needs_review
スキー	IMG_2698.HEIC	123	4	0.50	yes	needs_review
ストーブ	IMG_2698.HEIC	123	5	1.00	yes	needs_review
スニーカー	IMG_2698.HEIC	123	5	1.00	no	needs_review
スプーン	IMG_2698.HEIC	123	5	0.30	yes	needs_review
スポーツ	IMG_2698.HEIC	123	5	1.00	yes	needs_review
スマホ	IMG_2698.HEIC	123	5	0.50	no	needs_review
スリッパ	IMG_2698.HEIC	123	5	1.00	yes	needs_review
スリランカ	IMG_2698.HEIC	123	5	1.00	no	needs_review
スーツ	IMG_2698.HEIC	123	4	0.30	no	needs_review
スーパー	IMG_2698.HEIC	123	4	1.00	no	needs_review
スープ	IMG_2698.HEIC	123	4	0.30	no	needs_review
ズボン	IMG_2698.HEIC	123	5	0.50	yes	needs_review
セーター	IMG_2698.HEIC	123	5	1.00	yes	needs_review
タクシー	IMG_2698.HEIC	123	6	1.00	yes	needs_review
ダンス	IMG_2698.HEIC	123	6	0.30	no	needs_review
チケット	IMG_2698.HEIC	123	6	1.00	no	needs_review
チーズ	IMG_2698.HEIC	123	6	1.00	yes	needs_review
テスト	IMG_2699.HEIC	124	1	1.00	yes	needs_review
テニス	IMG_2699.HEIC	124	1	0.30	no	needs_review
テレビ	IMG_2699.HEIC	124	1	1.00	yes	needs_review
テーブル	IMG_2699.HEIC	124	1	1.00	yes	needs_review
デザート	IMG_2699.HEIC	124	1	1.00	no	needs_review
デパート	IMG_2699.HEIC	124	1	1.00	yes	needs_review
トイレ	IMG_2699.HEIC	124	2	1.00	yes	needs_review
トマト	IMG_2699.HEIC	124	2	0.30	no	needs_review
ドア	IMG_2699.HEIC	124	2	1.00	yes	needs_review
ドイツ	IMG_2699.HEIC	124	2	1.00	no	needs_review
ドラマ	IMG_2699.HEIC	124	2	1.00	no	needs_review
ニュース	IMG_2699.HEIC	124	3	0.30	yes	needs_review
ネクタイ	IMG_2699.HEIC	124	3	1.00	yes	needs_review
ネパール	IMG_2699.HEIC	124	3	0.30	no	needs_review
ノート	IMG_2699.HEIC	125	4	1.00	yes	needs_review
バイク	IMG_2699.HEIC	125	4	0.30	no	needs_review
バス	IMG_2699.HEIC	125	4	0.30	yes	needs_review
バスケットボール	IMG_2699.HEIC	125	4	1.00	no	needs_review
バター	IMG_2699.HEIC	125	4	0.30	yes	needs_review
パソコン	IMG_2699.HEIC	125	4	0.30	no	needs_review
パン	IMG_2699.HEIC	125	4	0.30	yes	needs_review
パンや	IMG_2699.HEIC	125	5	1.00	yes	needs_review
パーティー	IMG_2699.HEIC	125	4	1.00	yes	needs_review
ビール	IMG_2699.HEIC	125	5	1.00	no	needs_review
ピアノ	IMG_2699.HEIC	125	5	1.00	no	needs_review
フォーク	IMG_2699.HEIC	125	5	1.00	yes	needs_review
フランス	IMG_2699.HEIC	125	5	1.00	no	needs_review
フランスご	IMG_2699.HEIC	125	5	0.30	no	needs_review
ブラジル	IMG_2699.HEIC	125	5	0.50	no	needs_review
プール	IMG_2699.HEIC	125	5	0.30	yes	needs_review
ベッド	IMG_2699.HEIC	125	6	0.50	yes	needs_review
ベトナム	IMG_2699.HEIC	125	6	1.00	no	needs_review
ペット	IMG_2699.HEIC	125	6	1.00	yes	needs_review
ペン	IMG_2699.HEIC	125	6	0.50	yes	needs_review
ページ	IMG_2699.HEIC	125	6	1.00	yes	needs_review
ホテル	IMG_2699.HEIC	125	6	1.00	yes	needs_review
ホーム	IMG_2699.HEIC	125	6	0.30	no	needs_review
ボタン	IMG_2699.HEIC	125	6	0.30	yes	needs_review
ボールペン	IMG_2699.HEIC	125	6	1.00	yes	needs_review
ポケット	IMG_2699.HEIC	125	6	1.00	yes	needs_review
ポスト	IMG_2699.HEIC	125	6	1.00	yes	needs_review
マレーシア	IMG_2700.HEIC	126	1	1.00	no	needs_review
マンガ	IMG_2700.HEIC	126	1	0.50	no	needs_review
ミャンマー	IMG_2700.HEIC	126	1	1.00	no	needs_review
ミルク	IMG_2700.HEIC	126	1	1.00	no	needs_review
メニュー	IMG_2700.HEIC	126	1	1.00	no	needs_review
メモ	IMG_2700.HEIC	126	1	1.00	no	needs_review
メール	IMG_2700.HEIC	126	1	1.00	no	needs_review
モンゴル	IMG_2700.HEIC	126	2	1.00	no	needs_review
ヨーロッパ	IMG_2700.HEIC	126	2	1.00	no	needs_review
ラジオ	IMG_2700.HEIC	126	2	0.50	yes	needs_review
ランチ	IMG_2700.HEIC	126	3	1.00	no	needs_review
リモコン	IMG_2700.HEIC	126	3	1.00	no	needs_review
レジ	IMG_2700.HEIC	126	3	0.30	no	needs_review
レポート	IMG_2700.HEIC	126	3	1.00	no	needs_review
ン	IMG_2697.HEIC	120	3	1.00	no	needs_review
・・ち	IMG_2699.HEIC	124	3	0.30	no	needs_review
・・り	IMG_2698.HEIC	122	3	0.30	no	needs_review
ー.ル	IMG_2697.HEIC	120	3	0.30	no	needs_review
冖	IMG_2697.HEIC	120	3	0.30	no	needs_review
気をつけます	IMG_2698.HEIC	122	1	0.50	no	needs_review
（お）かいけい	IMG_2697.HEIC	121	5	0.30	no	needs_review
（お）かね	IMG_2697.HEIC	121	5	0.50	no	needs_review
（お）すし	IMG_2698.HEIC	123	5	0.30	no	needs_review
（お）とし	IMG_2699.HEIC	124	2	0.30	yes	needs_review
（お）べんとう	IMG_2699.HEIC	125	6	0.30	no	needs_review
（お）みず	IMG_2700.HEIC	126	1	0.30	yes	needs_review
～かた	IMG_2697.HEIC	121	5	0.30	yes	needs_review
～が	IMG_2697.HEIC	121	5	0.30	no	needs_review
～くらい	IMG_2698.HEIC	122	1	0.30	yes	needs_review
～こと	IMG_2698.HEIC	122	2	0.30	yes	needs_review
～ごはん	IMG_2698.HEIC	122	2	0.30	yes	needs_review
～じん	IMG_2698.HEIC	123	4	0.30	no	needs_review
～ずつ	IMG_2698.HEIC	123	5	0.30	no	needs_review
～たち	IMG_2698.HEIC	123	6	0.30	no	needs_review
～だけ	IMG_2698.HEIC	123	6	0.30	no	needs_review
～ちゅう［中］	IMG_2698.HEIC	123	6	0.30	no	needs_review
～とき	IMG_2699.HEIC	124	2	0.30	no	needs_review
～にち	IMG_2699.HEIC	124	3	0.30	no	needs_review
～ねん	IMG_2699.HEIC	124	3	0.30	no	needs_review
～ねんかん	IMG_2699.HEIC	125	4	0.30	no	needs_review
～ほう	IMG_2699.HEIC	125	6	0.30	yes	needs_review
～まえ	IMG_2699.HEIC	125	6	0.30	yes	needs_review
～もの	IMG_2700.HEIC	126	2	0.30	yes	needs_review
