pattern,source_image,source_page,column,ocr_confidence,transcription_status
〜あとで・あとに,IMG_2695.HEIC,108,1,0.30,agent_checked
〜か〜,IMG_2695.HEIC,108,1,0.30,agent_checked
〜かた,IMG_2695.HEIC,108,1,0.30,agent_checked
〜から,IMG_2695.HEIC,108,1,0.30,agent_checked
〜が,IMG_2695.HEIC,108,1,0.30,agent_checked
〜がある,IMG_2695.HEIC,108,1,0.30,agent_checked
〜がいちばん,IMG_2695.HEIC,108,1,0.30,agent_checked
〜がいる,IMG_2695.HEIC,108,1,0.30,agent_checked
〜がきらい,IMG_2695.HEIC,108,1,0.30,agent_checked
〜がすき,IMG_2695.HEIC,108,1,0.30,agent_checked
〜がほしい,IMG_2695.HEIC,108,1,0.30,agent_checked
〜が聞こえる,IMG_2695.HEIC,108,1,0.30,agent_checked
〜が見える,IMG_2695.HEIC,108,1,0.50,agent_checked
〜く,IMG_2695.HEIC,108,1,0.30,agent_checked
〜くする,IMG_2695.HEIC,108,1,0.50,agent_checked
〜くて,IMG_2695.HEIC,108,1,0.30,agent_checked
〜くなる,IMG_2695.HEIC,109,2,0.30,agent_checked
〜ぐらい・くらい,IMG_2695.HEIC,109,2,0.30,agent_checked
〜ごろ,IMG_2695.HEIC,109,2,0.30,agent_checked
〜たい,IMG_2695.HEIC,109,2,0.30,agent_checked
〜たことがある,IMG_2695.HEIC,109,2,0.50,agent_checked
〜たち,IMG_2695.HEIC,109,2,0.30,agent_checked
〜たり〜たりする,IMG_2695.HEIC,109,2,0.30,agent_checked
〜だけ,IMG_2695.HEIC,109,2,0.30,agent_checked
〜てある,IMG_2695.HEIC,109,2,0.30,agent_checked
〜ている,IMG_2695.HEIC,109,2,0.30,agent_checked
〜てから,IMG_2695.HEIC,109,2,0.30,agent_checked
〜てください,IMG_2695.HEIC,109,2,0.30,agent_checked
〜てくる,IMG_2695.HEIC,109,2,0.30,agent_checked
〜てはいけない,IMG_2695.HEIC,109,2,0.50,agent_checked
〜てもいい,IMG_2695.HEIC,109,2,manual,agent_checked
〜で,IMG_2695.HEIC,109,2,0.30,agent_checked
〜でしょう,IMG_2695.HEIC,109,2,0.30,agent_checked
〜です,IMG_2695.HEIC,109,2,0.30,agent_checked
〜と,IMG_2696.HEIC,110,1,0.30,agent_checked
〜と〜,IMG_2696.HEIC,110,1,0.30,agent_checked
〜と〜とどちらが,IMG_2696.HEIC,110,1,0.50,agent_checked
〜とおもう,IMG_2696.HEIC,110,1,0.50,agent_checked
〜ないでください,IMG_2696.HEIC,110,1,0.50,agent_checked
〜ながら,IMG_2696.HEIC,110,1,0.30,agent_checked
〜なくてはいけない,IMG_2696.HEIC,110,1,0.50,agent_checked
〜に,IMG_2696.HEIC,110,1,0.30,agent_checked
〜にある,IMG_2696.HEIC,110,1,0.30,agent_checked
〜にいる,IMG_2696.HEIC,110,1,0.30,agent_checked
〜にする,IMG_2696.HEIC,110,1,0.30,agent_checked
〜になる,IMG_2696.HEIC,110,1,0.30,agent_checked
〜に行く・〜に来る,IMG_2696.HEIC,110,1,0.30,agent_checked
〜ね,IMG_2696.HEIC,110,1,0.30,agent_checked
〜の,IMG_2696.HEIC,110,1,0.30,agent_checked
〜のがすき・きらい,IMG_2696.HEIC,110,1,0.50,agent_checked
〜ので,IMG_2696.HEIC,110,1,0.30,agent_checked
〜のほうが,IMG_2696.HEIC,110,1,0.30,agent_checked
〜は,IMG_2696.HEIC,110,1,0.30,agent_checked
〜は〜より,IMG_2696.HEIC,111,2,0.30,agent_checked
〜へ,IMG_2696.HEIC,111,2,0.30,agent_checked
〜ほうがいい,IMG_2696.HEIC,111,2,0.30,agent_checked
〜ましょう,IMG_2696.HEIC,111,2,0.30,agent_checked
〜ましょうか,IMG_2696.HEIC,111,2,0.30,agent_checked
〜ませんか,IMG_2696.HEIC,111,2,0.50,agent_checked
〜まで,IMG_2696.HEIC,111,2,0.30,agent_checked
〜も,IMG_2696.HEIC,111,2,0.30,agent_checked
〜や〜（など）,IMG_2696.HEIC,111,2,0.30,agent_checked
〜よ,IMG_2696.HEIC,111,2,0.30,agent_checked
〜を,IMG_2696.HEIC,111,2,0.30,agent_checked
〜んです,IMG_2696.HEIC,111,2,0.30,agent_checked
〜前に,IMG_2696.HEIC,111,2,0.30,agent_checked
あげる,IMG_2695.HEIC,108,1,1.00,agent_checked
あまり〜ない,IMG_2695.HEIC,108,1,0.50,agent_checked
あれ・あそこ・あの,IMG_2695.HEIC,108,1,0.50,agent_checked
ください,IMG_2695.HEIC,108,1,0.50,agent_checked
これ・ここ・この,IMG_2695.HEIC,109,2,0.50,agent_checked
ぜんぜん〜ない,IMG_2695.HEIC,109,2,0.30,agent_checked
それ・そこ・その,IMG_2695.HEIC,109,2,0.50,agent_checked
たとえば〜,IMG_2695.HEIC,109,2,0.30,agent_checked
ときどき,IMG_2696.HEIC,110,1,1.00,agent_checked
どうやって,IMG_2696.HEIC,110,1,1.00,agent_checked
どのくらい,IMG_2696.HEIC,110,1,1.00,agent_checked
どれ・どこ・どの,IMG_2696.HEIC,110,1,1.00,agent_checked
どんな〜,IMG_2696.HEIC,110,1,0.30,agent_checked
まだ〜ていない,IMG_2696.HEIC,111,2,0.30,agent_checked
もう〜た,IMG_2696.HEIC,111,2,0.30,agent_checked
もらう,IMG_2696.HEIC,111,2,1.00,agent_checked
よく,IMG_2696.HEIC,111,2,0.50,agent_checked
他動詞,IMG_2696.HEIC,111,2,0.30,agent_checked
疑問詞＋か,IMG_2696.HEIC,111,2,0.30,agent_checked
疑問詞＋でも,IMG_2696.HEIC,111,2,0.50,agent_checked
疑問詞＋も〜ない,IMG_2696.HEIC,111,2,0.30,agent_checked
自動詞,IMG_2696.HEIC,111,2,0.30,agent_checked
連体修飾,IMG_2696.HEIC,111,2,0.30,agent_checked
